totalSteps,totalDistance,calendarDate,sleepTimeSeconds,napTimeSeconds,sleepStartTimestampLocal,sleepEndTimestampLocal,deepSleepSeconds,lightSleepSeconds,remSleepSeconds,awakeSleepSeconds,averageRespirationValue,lowestRespirationValue,highestRespirationValue,awakeCount,avgSleepStress,sleepScoreFeedback,sleepScores_overall,sleepScores_remPercentage,sleepScores_lightPercentage,sleepScores_deepPercentage,sleepScores_totalDuration_qualifierKey,sleepScores_stress_qualifierKey,sleepScores_awakeCount_qualifierKey,sleepScores_overall_qualifierKey,sleepScores_remPercentage_qualifierKey,sleepScores_remPercentage_idealStartInSeconds,sleepScores_remPercentage_idealEndInSeconds,sleepScores_restlessness_qualifierKey,sleepScores_lightPercentage_qualifierKey,sleepScores_lightPercentage_idealStartInSeconds,sleepScores_lightPercentage_idealEndInSeconds,sleepScores_deepPercentage_qualifierKey,sleepScores_deepPercentage_idealStartInSeconds,sleepScores_deepPercentage_idealEndInSeconds,bodyBatteryChange,restingHeartRate,hrv_baseline_lowUpper,hrv_baseline_balancedLow,hrv_baseline_balancedUpper,hrv_status,respiration_lowestRespirationValue,respiration_highestRespirationValue,respiration_avgSleepRespirationValue,stress_maxStressLevel,stress_avgStressLevel
7544,6292,5/16/2024,22920,0,1.71582E+12,1.71584E+12,3780,16680,2460,1500,14,11,17,2,12,NEGATIVE_RESTLESS,70,11,73,16,FAIR,EXCELLENT,FAIR,FAIR,POOR,4813.2,7105.2,FAIR,FAIR,6876,14668.8,GOOD,3667.2,7563.6,81,43,,,,,,,,,
4606,3793,5/17/2024,19800,0,1.7159E+12,1.71593E+12,2580,15960,1260,6720,14,10,18,3,22,NEGATIVE_SHORT_AND_POOR_QUALITY,52,6,81,13,POOR,FAIR,POOR,POOR,POOR,4158,6138,POOR,POOR,5940,12672,FAIR,3168,6534,57,48,,,,,,,,,
4016,3307,5/18/2024,40320,2880,1.71598E+12,1.71602E+12,6420,25140,8760,420,15,11,19,0,13,POSITIVE_OPTIMAL_STRUCTURE,93,22,62,16,EXCELLENT,EXCELLENT,EXCELLENT,EXCELLENT,GOOD,8467.2,12499.2,EXCELLENT,GOOD,12096,25804.8,GOOD,6451.2,13305.6,94,45,,,,,,,,,
17096,14579,5/19/2024,28680,6060,1.71607E+12,1.7161E+12,4020,21180,3480,1080,15,13,18,1,13,POSITIVE_LONG_AND_RECOVERING,84,12,74,14,EXCELLENT,EXCELLENT,GOOD,GOOD,FAIR,6022.8,8890.8,GOOD,FAIR,8604,18355.2,FAIR,4588.8,9464.4,62,45,,,,,,,,,
15559,12747,5/20/2024,35040,1440,1.71616E+12,1.71619E+12,2640,24360,8040,2040,14,10,18,1,15,POSITIVE_LONG_AND_REFRESHING,83,23,70,8,EXCELLENT,GOOD,FAIR,GOOD,EXCELLENT,7358.4,10862.4,FAIR,FAIR,10512,22425.6,FAIR,5606.4,11563.2,70,48,,,,,,,,,
6177,5087,5/21/2024,26460,0,1.71624E+12,1.71627E+12,3000,19680,3780,840,13,10,17,1,19,POSITIVE_LONG_AND_CONTINUOUS,81,14,74,11,EXCELLENT,FAIR,GOOD,GOOD,FAIR,5556.6,8202.6,GOOD,FAIR,7938,16934.4,FAIR,4233.6,8731.8,60,46,,,,,,,,,
4924,4111,5/23/2024,26940,0,1.71642E+12,1.71644E+12,5640,13500,7800,960,14,12,16,1,8,POSITIVE_HIGHLY_RECOVERING,91,29,50,21,GOOD,EXCELLENT,GOOD,EXCELLENT,EXCELLENT,5657.4,8351.4,GOOD,EXCELLENT,8082,17241.6,EXCELLENT,4310.4,8890.2,81,44,,,,,,,,,
8953,7373,5/24/2024,27660,1620,1.7165E+12,1.71653E+12,3780,17220,6660,660,14,10,16,0,8,POSITIVE_HIGHLY_RECOVERING,92,24,62,14,EXCELLENT,EXCELLENT,EXCELLENT,EXCELLENT,EXCELLENT,5808.6,8574.6,EXCELLENT,GOOD,8298,17702.4,FAIR,4425.6,9127.8,63,40,,,,,,,,,
20553,20223,5/25/2024,18660,6060,1.7166E+12,1.71662E+12,4320,13860,480,7560,15,10,19,5,40,NEGATIVE_SHORT_AND_POOR_QUALITY,35,3,74,23,POOR,POOR,POOR,POOR,POOR,3918.6,5784.6,POOR,FAIR,5598,11942.4,EXCELLENT,2985.6,6157.8,21,49,,,,,,,,,
22196,18259,5/26/2024,28680,0,1.71668E+12,1.71671E+12,4200,19620,4860,1500,14,8,19,1,15,POSITIVE_LONG_AND_RECOVERING,84,17,68,15,EXCELLENT,GOOD,GOOD,GOOD,FAIR,6022.8,8890.8,GOOD,FAIR,8604,18355.2,FAIR,4588.8,9464.4,74,49,,,,,,,,,
10253,12071,5/27/2024,28680,0,1.71676E+12,1.71679E+12,1800,20760,6120,1560,13,10,16,3,14,POSITIVE_LONG_AND_RECOVERING,79,21,72,6,EXCELLENT,GOOD,FAIR,FAIR,GOOD,6022.8,8890.8,FAIR,FAIR,8604,18355.2,FAIR,4588.8,9464.4,82,43,,,,,,,,,
4768,4016,5/28/2024,26580,660,1.71685E+12,1.71687E+12,2220,18300,6060,120,14,9,16,0,13,POSITIVE_LONG_AND_CONTINUOUS,85,23,69,8,GOOD,GOOD,EXCELLENT,GOOD,EXCELLENT,5581.8,8239.8,EXCELLENT,FAIR,7974,17011.2,FAIR,4252.8,8771.4,71,45,,,,,,,,,
37070,5809,5/29/2024,29160,0,1.71693E+12,1.71696E+12,7140,16560,5460,540,14,10,16,0,9,POSITIVE_HIGHLY_RECOVERING,95,19,57,24,EXCELLENT,EXCELLENT,EXCELLENT,EXCELLENT,FAIR,6123.6,9039.6,EXCELLENT,EXCELLENT,8748,18662.4,EXCELLENT,4665.6,9622.8,74,40,91,100,147,BALANCED,10,18,14,96,21
12595,36897,5/30/2024,28440,0,1.71702E+12,1.71705E+12,4680,17280,6480,240,14,11,17,0,12,POSITIVE_OPTIMAL_STRUCTURE,94,23,61,16,EXCELLENT,EXCELLENT,EXCELLENT,EXCELLENT,EXCELLENT,5972.4,8816.4,EXCELLENT,GOOD,8532,18201.6,GOOD,4550.4,9385.2,57,41,91,100,147,BALANCED,9,19,14,93,25
49892,36519,5/31/2024,32520,0,1.7171E+12,1.71714E+12,4500,20700,7320,1500,14,9,16,2,10,POSITIVE_LONG_AND_RECOVERING,88,23,64,14,EXCELLENT,EXCELLENT,FAIR,GOOD,EXCELLENT,6829.2,10081.2,FAIR,GOOD,9756,20812.8,FAIR,5203.2,10731.6,61,42,91,100,146,BALANCED,10,17,14,99,34
39702,30914,6/1/2024,21720,0,1.7172E+12,1.71722E+12,4860,14460,2400,2280,14,12,16,3,13,POSITIVE_DEEP,71,11,67,22,FAIR,GOOD,FAIR,FAIR,FAIR,4561.2,6733.2,FAIR,FAIR,6516,13900.8,EXCELLENT,3475.2,7167.6,61,44,89,99,147,BALANCED,10,18,14,99,34
8223,16451,6/2/2024,29820,2160,1.71728E+12,1.71732E+12,5220,21840,2760,3780,14,11,18,6,17,NEGATIVE_LONG_BUT_POOR_QUALITY,58,9,73,18,EXCELLENT,FAIR,POOR,POOR,POOR,6262.2,9244.2,POOR,FAIR,8946,19084.8,GOOD,4771.2,9840.6,85,45,89,98,146,BALANCED,9,19,14,99,24
22690,19274,6/3/2024,30591,0,1.71737E+12,1.7174E+12,3480,19320,7800,1500,14,9,17,1,17,POSITIVE_LONG_AND_REFRESHING,85,25,63,11,EXCELLENT,FAIR,GOOD,GOOD,EXCELLENT,6424.11,9483.21,FAIR,GOOD,9177.3,19578.24,FAIR,4894.56,10095.03,70,44,89,98,146,BALANCED,9,17,14,97,21
4860,29168,6/4/2024,30600,0,1.71745E+12,1.71748E+12,1920,24420,4260,840,14,10,20,1,8,POSITIVE_LONG_AND_RECOVERING,84,14,80,6,EXCELLENT,EXCELLENT,GOOD,GOOD,FAIR,6426,9486,GOOD,FAIR,9180,19584,FAIR,4896,10098,61,41,89,98,145,BALANCED,9,20,14,97,25
37071,29762,6/5/2024,27720,0,1.71754E+12,1.71756E+12,4920,15780,7020,720,13,9,16,1,6,POSITIVE_HIGHLY_RECOVERING,93,25,57,18,EXCELLENT,EXCELLENT,GOOD,EXCELLENT,EXCELLENT,5821.2,8593.2,GOOD,EXCELLENT,8316,17740.8,GOOD,4435.2,9147.6,61,40,89,98,145,BALANCED,10,18,13,96,21
53147,2117,6/6/2024,29460,0,1.71762E+12,1.71765E+12,3660,17580,8220,1320,13,9,16,1,10,POSITIVE_HIGHLY_RECOVERING,91,28,60,12,EXCELLENT,EXCELLENT,GOOD,EXCELLENT,EXCELLENT,6186.6,9132.6,GOOD,GOOD,8838,18854.4,FAIR,4713.6,9721.8,58,41,89,98,146,BALANCED,9,21,13,99,47
26478,16789,6/7/2024,14340,2160,1.71772E+12,1.71774E+12,3660,10680,0,1500,16,9,20,2,49,NEGATIVE_SHORT_AND_POOR_QUALITY,31,0,74,26,POOR,POOR,FAIR,POOR,POOR,3011.4,4445.4,FAIR,FAIR,4302,9177.6,EXCELLENT,2294.4,4732.2,16,41,89,98,145,BALANCED,8,20,16,96,28
56824,30531,6/8/2024,30840,1500,1.7178E+12,1.71783E+12,6180,15120,9540,120,13,8,17,0,4,POSITIVE_HIGHLY_RECOVERING,96,31,49,20,EXCELLENT,EXCELLENT,EXCELLENT,EXCELLENT,GOOD,6476.4,9560.4,EXCELLENT,EXCELLENT,9252,19737.6,EXCELLENT,4934.4,10177.2,63,39,89,98,145,BALANCED,9,19,13,99,22
5779,9592,6/9/2024,24480,0,1.71789E+12,1.71791E+12,2160,16920,5400,60,13,6,16,0,7,POSITIVE_RECOVERING,81,22,69,9,FAIR,EXCELLENT,EXCELLENT,GOOD,GOOD,5140.8,7588.8,EXCELLENT,FAIR,7344,15667.2,FAIR,3916.8,8078.4,62,41,89,98,145,BALANCED,6,20,13,100,34
31741,18155,6/10/2024,28500,0,1.71797E+12,1.718E+12,4080,20160,4260,1860,14,7,22,1,17,POSITIVE_LONG_AND_CONTINUOUS,82,15,71,14,EXCELLENT,FAIR,FAIR,GOOD,FAIR,5985,8835,FAIR,FAIR,8550,18240,FAIR,4560,9405,80,43,89,98,144,BALANCED,8,22,14,97,29
16087,36881,6/11/2024,25920,960,1.71806E+12,1.71808E+12,3300,18900,3720,600,12,7,16,1,14,POSITIVE_LONG_AND_CONTINUOUS,79,14,73,13,GOOD,GOOD,EXCELLENT,FAIR,FAIR,5443.2,8035.2,GOOD,FAIR,7776,16588.8,FAIR,4147.2,8553.6,74,42,90,99,143,BALANCED,7,16,12,96,21
5753,19067,6/12/2024,31260,0,1.71814E+12,1.71817E+12,4140,18300,8820,840,14,8,17,0,7,POSITIVE_HIGHLY_RECOVERING,93,28,59,13,EXCELLENT,EXCELLENT,EXCELLENT,EXCELLENT,EXCELLENT,6564.6,9690.6,EXCELLENT,EXCELLENT,9378,20006.4,FAIR,5001.6,10315.8,57,40,90,99,144,BALANCED,9,17,14,97,21
54644,17028,6/13/2024,21600,0,1.71823E+12,1.71826E+12,2820,14160,4620,1320,13,9,16,1,12,POSITIVE_RECOVERING,74,21,66,13,FAIR,EXCELLENT,GOOD,FAIR,GOOD,4536,6696,GOOD,FAIR,6480,13824,FAIR,3456,7128,57,44,90,99,144,BALANCED,9,18,13,99,33
42237,19422,6/14/2024,13920,6000,1.71833E+12,1.71835E+12,4080,9840,0,2460,14,10,19,3,39,NEGATIVE_SHORT_AND_POOR_QUALITY,36,0,71,29,POOR,POOR,FAIR,POOR,POOR,2923.2,4315.2,FAIR,FAIR,4176,8908.8,EXCELLENT,2227.2,4593.6,21,45,87,96,148,BALANCED,9,19,14,97,29
56234,40526,6/15/2024,29940,960,1.7184E+12,1.71843E+12,1800,19500,8640,180,14,10,17,0,8,POSITIVE_LONG_AND_RECOVERING,89,29,65,6,EXCELLENT,EXCELLENT,EXCELLENT,GOOD,EXCELLENT,6287.4,9281.4,EXCELLENT,FAIR,8982,19161.6,FAIR,4790.4,9880.2,69,42,87,97,149,BALANCED,9,19,14,98,26
2140,16675,6/16/2024,32820,0,1.71849E+12,1.71852E+12,4380,20880,7560,60,13,7,17,0,9,POSITIVE_HIGHLY_RECOVERING,94,23,64,13,EXCELLENT,EXCELLENT,EXCELLENT,EXCELLENT,EXCELLENT,6892.2,10174.2,EXCELLENT,GOOD,9846,21004.8,FAIR,5251.2,10830.6,73,41,87,97,149,BALANCED,7,18,13,96,30
47147,33647,6/17/2024,25800,0,1.71858E+12,1.71861E+12,3660,16740,5400,2460,14,9,19,2,17,POSITIVE_LONG_AND_REFRESHING,76,21,65,14,GOOD,FAIR,FAIR,FAIR,GOOD,5418,7998,FAIR,FAIR,7740,16512,FAIR,4128,8514,63,44,87,97,149,BALANCED,9,20,14,98,27
58321,41179,6/18/2024,19140,0,1.71867E+12,1.71869E+12,5460,10980,2700,420,14,9,17,1,7,POSITIVE_SHORT_BUT_RECOVERING,68,14,57,29,POOR,EXCELLENT,EXCELLENT,FAIR,FAIR,4019.4,5933.4,EXCELLENT,EXCELLENT,5742,12249.6,EXCELLENT,3062.4,6316.2,69,43,88,98,148,BALANCED,9,19,14,92,22
10272,35060,6/19/2024,20640,0,1.71875E+12,1.71877E+12,8460,6240,5940,0,13,9,18,0,6,POSITIVE_RECOVERING,76,29,30,41,FAIR,EXCELLENT,EXCELLENT,FAIR,EXCELLENT,4334.4,6398.4,EXCELLENT,GOOD,6192,13209.6,EXCELLENT,3302.4,6811.2,53,39,88,98,148,BALANCED,9,17,13,95,21
12936,10402,6/20/2024,36180,0,1.71883E+12,1.71887E+12,6840,22320,7020,1800,13,6,18,2,7,POSITIVE_LONG_AND_RECOVERING,88,19,62,19,EXCELLENT,EXCELLENT,FAIR,GOOD,FAIR,7597.8,11215.8,FAIR,GOOD,10854,23155.2,EXCELLENT,5788.8,11939.4,68,40,88,98,148,BALANCED,6,18,13,95,23
60170,30107,6/23/2024,32100,6840,1.7191E+12,1.71913E+12,3000,21300,7800,3540,14,9,18,3,10,NEGATIVE_LONG_BUT_DISCONTINUOUS,77,24,66,9,EXCELLENT,EXCELLENT,POOR,FAIR,EXCELLENT,6741,9951,POOR,FAIR,9630,20544,FAIR,5136,10593,76,45,86,96,150,BALANCED,8,18,14,98,22
20297,32420,6/24/2024,30600,0,1.71918E+12,1.71921E+12,4080,20700,5820,1140,13,8,17,2,9,POSITIVE_LONG_AND_RECOVERING,87,19,68,13,EXCELLENT,EXCELLENT,FAIR,GOOD,FAIR,6426,9486,FAIR,FAIR,9180,19584,FAIR,4896,10098,64,41,86,96,150,BALANCED,9,17,13,98,27
39926,27078,6/25/2024,18180,0,1.71927E+12,1.71929E+12,2520,12420,3240,840,12,9,16,1,17,POSITIVE_CALM,71,18,68,14,FAIR,FAIR,GOOD,FAIR,FAIR,3817.8,5635.8,GOOD,FAIR,5454,11635.2,FAIR,2908.8,5999.4,48,45,87,97,149,BALANCED,8,16,12,95,40
27980,11202,6/26/2024,24120,2940,1.71935E+12,1.71938E+12,4920,16800,2400,2760,12,6,16,4,27,NEGATIVE_DISCONTINUOUS,62,10,70,20,FAIR,POOR,POOR,FAIR,POOR,5065.2,7477.2,POOR,FAIR,7236,15436.8,EXCELLENT,3859.2,7959.6,52,47,87,97,150,BALANCED,6,20,12,98,28
46298,17392,6/27/2024,33060,0,1.71943E+12,1.71947E+12,6600,19140,7320,720,13,5,18,1,18,POSITIVE_OPTIMAL_STRUCTURE,90,22,58,20,EXCELLENT,FAIR,GOOD,EXCELLENT,GOOD,6942.6,10248.6,EXCELLENT,EXCELLENT,9918,21158.4,EXCELLENT,5289.6,10909.8,80,46,87,98,151,BALANCED,5,17,13,98,50
55988,37923,6/28/2024,23040,0,1.71953E+12,1.71956E+12,4320,18720,0,3240,14,8,18,3,39,NEGATIVE_NOT_RESTORATIVE,46,0,81,19,FAIR,POOR,POOR,POOR,POOR,4838.4,7142.4,FAIR,POOR,6912,14745.6,EXCELLENT,3686.4,7603.2,33,49,87,98,151,UNBALANCED,8,18,14,96,34
48026,34005,6/30/2024,30201,3600,1.7197E+12,1.71973E+12,3540,22800,3900,720,14,9,23,1,13,POSITIVE_LONG_AND_RECOVERING,84,13,75,12,EXCELLENT,GOOD,GOOD,GOOD,FAIR,6342.21,9362.31,GOOD,FAIR,9060.3,19328.64,FAIR,4832.16,9966.33,77,43,87,97,151,UNBALANCED,8,23,14,99,20
31742,27336,7/1/2024,31200,0,1.71979E+12,1.71982E+12,4920,19680,6600,300,13,8,16,0,7,POSITIVE_HIGHLY_RECOVERING,93,21,63,16,EXCELLENT,EXCELLENT,EXCELLENT,EXCELLENT,GOOD,6552,9672,EXCELLENT,GOOD,9360,19968,GOOD,4992,10296,47,40,88,98,151,UNBALANCED,9,16,13,93,24
3400,6074,7/2/2024,22320,0,1.71987E+12,1.7199E+12,3720,15240,3360,360,13,9,17,0,9,POSITIVE_RECOVERING,82,15,68,17,FAIR,EXCELLENT,EXCELLENT,GOOD,FAIR,4687.2,6919.2,EXCELLENT,FAIR,6696,14284.8,GOOD,3571.2,7365.6,60,40,88,98,149,UNBALANCED,9,17,13,96,20
33329,13263,7/3/2024,27180,0,1.71996E+12,1.71998E+12,6720,14820,5640,480,14,9,16,0,12,POSITIVE_OPTIMAL_STRUCTURE,91,21,55,25,GOOD,EXCELLENT,EXCELLENT,EXCELLENT,GOOD,5707.8,8425.8,EXCELLENT,EXCELLENT,8154,17395.2,EXCELLENT,4348.8,8969.4,64,38,88,97,149,BALANCED,9,16,14,98,29
29247,38726,7/4/2024,32340,720,1.72004E+12,1.72008E+12,5640,20640,6060,1800,13,8,16,2,6,POSITIVE_LONG_AND_RECOVERING,88,19,64,17,EXCELLENT,EXCELLENT,FAIR,GOOD,FAIR,6791.4,10025.4,FAIR,GOOD,9702,20697.6,GOOD,5174.4,10672.2,69,38,88,97,148,BALANCED,8,17,13,95,24
50913,2192,7/5/2024,20580,0,1.72014E+12,1.72016E+12,3060,12960,4560,660,14,8,16,1,14,POSITIVE_CONTINUOUS,72,22,63,15,FAIR,GOOD,GOOD,FAIR,GOOD,4321.8,6379.8,GOOD,GOOD,6174,13171.2,FAIR,3292.8,6791.4,55,42,86,96,149,BALANCED,8,23,14,96,47
25094,27725,7/6/2024,11100,5700,1.72027E+12,1.72028E+12,5040,4620,1440,120,13,9,17,0,25,POSITIVE_SHORT_BUT_DEEP,41,13,42,45,POOR,FAIR,EXCELLENT,POOR,FAIR,2331,3441,EXCELLENT,EXCELLENT,3330,7104,EXCELLENT,1776,3663,28,44,86,96,149,BALANCED,9,23,13,98,43
45099,26993,7/8/2024,32396,0,1.72039E+12,1.72042E+12,3060,23880,5460,0,14,8,21,0,8,POSITIVE_LONG_AND_RECOVERING,88,17,74,9,EXCELLENT,EXCELLENT,EXCELLENT,GOOD,FAIR,6803.16,10042.76,EXCELLENT,FAIR,9718.8,20733.44,FAIR,5183.36,10690.68,72,43,86,96,148,BALANCED,9,21,14,99,18
13030,36280,7/9/2024,23580,0,1.72048E+12,1.7205E+12,660,17760,5160,0,13,9,16,0,8,NEGATIVE_LIGHT,67,22,75,3,FAIR,EXCELLENT,EXCELLENT,FAIR,GOOD,4951.8,7309.8,EXCELLENT,FAIR,7074,15091.2,POOR,3772.8,7781.4,51,40,87,97,147,BALANCED,9,19,13,98,37
21288,5164,7/10/2024,18540,0,1.72057E+12,1.72059E+12,3420,12480,2640,420,13,9,18,1,14,POSITIVE_SHORT_BUT_CALM,65,14,67,18,POOR,GOOD,EXCELLENT,FAIR,FAIR,3893.4,5747.4,EXCELLENT,FAIR,5562,11865.6,EXCELLENT,2966.4,6118.2,54,41,87,97,148,BALANCED,6,19,13,98,25
44125,26430,7/11/2024,26280,0,1.72065E+12,1.72068E+12,3720,17040,5520,360,11,6,16,0,12,POSITIVE_LONG_AND_CONTINUOUS,86,21,65,14,GOOD,EXCELLENT,EXCELLENT,GOOD,GOOD,5518.8,8146.8,EXCELLENT,FAIR,7884,16819.2,FAIR,4204.8,8672.4,68,40,87,97,149,BALANCED,8,17,11,96,21
30716,40973,7/12/2024,37560,0,1.72073E+12,1.72077E+12,7680,22620,7260,420,13,9,17,0,7,POSITIVE_HIGHLY_RECOVERING,95,19,60,20,EXCELLENT,EXCELLENT,EXCELLENT,EXCELLENT,FAIR,7887.6,11643.6,EXCELLENT,GOOD,11268,24038.4,EXCELLENT,6009.6,12394.8,58,39,88,98,149,BALANCED,8,17,13,92,21
45552,33280,7/13/2024,28800,0,1.72083E+12,1.72086E+12,3540,19740,5520,1680,14,9,17,2,9,POSITIVE_LONG_AND_RECOVERING,85,19,69,12,EXCELLENT,EXCELLENT,FAIR,GOOD,FAIR,6048,8928,FAIR,FAIR,8640,18432,FAIR,4608,9504,61,39,87,97,149,BALANCED,9,20,14,98,37
18335,22072,7/14/2024,21120,6300,1.72092E+12,1.72095E+12,2340,15240,3540,6480,13,6,17,5,25,NEGATIVE_POOR_STRUCTURE,49,17,72,11,FAIR,FAIR,POOR,POOR,FAIR,4435.2,6547.2,POOR,FAIR,6336,13516.8,FAIR,3379.2,6969.6,41,44,87,97,150,BALANCED,6,21,13,99,35
26174,1968,7/15/2024,24840,0,1.721E+12,1.72103E+12,2460,18360,4020,780,14,7,17,1,10,POSITIVE_RECOVERING,78,16,74,10,FAIR,EXCELLENT,GOOD,FAIR,FAIR,5216.4,7700.4,GOOD,FAIR,7452,15897.6,FAIR,3974.4,8197.2,79,43,87,97,149,BALANCED,7,17,14,98,35
19265,23516,7/16/2024,19080,0,1.72109E+12,1.72111E+12,2280,12180,4620,540,13,8,17,0,15,POSITIVE_REFRESHING,74,24,64,12,FAIR,GOOD,EXCELLENT,FAIR,EXCELLENT,4006.8,5914.8,EXCELLENT,GOOD,5724,12211.2,FAIR,3052.8,6296.4,57,43,88,97,150,BALANCED,8,17,13,95,40
19494,19326,7/17/2024,23520,0,1.72117E+12,1.72119E+12,5400,11640,6480,180,14,11,16,0,10,POSITIVE_RECOVERING,84,28,49,23,FAIR,EXCELLENT,EXCELLENT,GOOD,EXCELLENT,4939.2,7291.2,EXCELLENT,EXCELLENT,7056,15052.8,EXCELLENT,3763.2,7761.6,86,42,88,98,149,BALANCED,9,20,14,92,26
43748,38182,7/18/2024,28800,0,1.72125E+12,1.72128E+12,4380,18180,6240,1620,14,11,17,2,14,POSITIVE_LONG_AND_RECOVERING,86,22,63,15,EXCELLENT,GOOD,FAIR,GOOD,GOOD,6048,8928,FAIR,GOOD,8640,18432,FAIR,4608,9504,72,41,88,98,150,BALANCED,9,17,14,99,43
50359,6724,7/20/2024,33300,0,1.72143E+12,1.72146E+12,2820,21900,8580,300,14,9,16,0,14,POSITIVE_LONG_AND_REFRESHING,89,26,66,8,EXCELLENT,GOOD,EXCELLENT,GOOD,EXCELLENT,6993,10323,EXCELLENT,FAIR,9990,21312,FAIR,5328,10989,87,43,89,99,152,BALANCED,9,18,14,99,43
58494,29632,7/22/2024,27000,0,1.7216E+12,1.72163E+12,3540,17640,5820,0,15,11,21,0,7,POSITIVE_LONG_AND_RECOVERING,88,22,65,13,GOOD,EXCELLENT,EXCELLENT,GOOD,GOOD,5670,8370,EXCELLENT,FAIR,8100,17280,FAIR,4320,8910,84,41,88,98,151,UNBALANCED,9,21,15,98,25
39211,27845,7/23/2024,25440,0,1.72169E+12,1.72171E+12,6480,13260,5700,1080,14,9,17,2,12,POSITIVE_DEEP,83,22,52,25,FAIR,EXCELLENT,FAIR,GOOD,GOOD,5342.4,7886.4,FAIR,EXCELLENT,7632,16281.6,EXCELLENT,4070.4,8395.2,74,41,88,98,151,UNBALANCED,9,21,14,99,35
47266,10839,7/24/2024,25560,0,1.72177E+12,1.7218E+12,5040,12480,8040,0,14,10,17,0,17,POSITIVE_CONTINUOUS,83,31,49,20,FAIR,FAIR,EXCELLENT,GOOD,FAIR,5367.6,7923.6,EXCELLENT,EXCELLENT,7668,16358.4,EXCELLENT,4089.6,8434.8,82,41,89,99,151,UNBALANCED,9,20,14,99,36
7806,4388,7/25/2024,29580,0,1.72186E+12,1.72189E+12,4380,18720,6480,120,14,9,16,0,10,POSITIVE_HIGHLY_RECOVERING,94,22,63,15,EXCELLENT,EXCELLENT,EXCELLENT,EXCELLENT,GOOD,6211.8,9169.8,EXCELLENT,GOOD,8874,18931.2,FAIR,4732.8,9761.4,84,44,89,99,152,UNBALANCED,9,19,14,99,54
17354,6544,7/26/2024,21840,8820,1.72195E+12,1.72198E+12,1860,17340,2640,4440,14,10,18,3,57,NEGATIVE_NOT_RESTORATIVE,43,12,79,9,FAIR,POOR,POOR,POOR,FAIR,4586.4,6770.4,POOR,FAIR,6552,13977.6,FAIR,3494.4,7207.2,15,49,87,98,152,UNBALANCED,10,24,14,97,50
23467,24992,7/28/2024,26160,9720,1.72213E+12,1.72215E+12,3420,17640,5100,60,15,11,22,0,12,POSITIVE_OPTIMAL_STRUCTURE,90,19,67,13,EXCELLENT,EXCELLENT,EXCELLENT,EXCELLENT,FAIR,5493.6,8109.6,EXCELLENT,FAIR,7848,16742.4,FAIR,4185.6,8632.8,74,43,82,94,159,BALANCED,10,22,15,98,23
32718,35956,7/29/2024,30660,0,1.7222E+12,1.72224E+12,2820,20880,6960,360,14,8,19,0,8,POSITIVE_HIGHLY_RECOVERING,91,23,68,9,EXCELLENT,EXCELLENT,EXCELLENT,EXCELLENT,EXCELLENT,6438.6,9504.6,EXCELLENT,FAIR,9198,19622.4,FAIR,4905.6,10117.8,69,41,82,94,159,BALANCED,8,19,14,98,32
29626,2039,7/30/2024,22320,0,1.72229E+12,1.72232E+12,4200,13260,4860,1080,14,11,16,2,7,POSITIVE_RECOVERING,84,22,59,19,FAIR,EXCELLENT,FAIR,GOOD,GOOD,4687.2,6919.2,FAIR,GOOD,6696,14284.8,EXCELLENT,3571.2,7365.6,75,42,83,94,160,BALANCED,10,26,14,99,38
57177,12119,7/31/2024,14040,0,1.72239E+12,1.7224E+12,3060,9840,1140,1200,14,9,17,1,23,NEGATIVE_SHORT_AND_NONRECOVERING,48,8,70,22,POOR,FAIR,GOOD,POOR,POOR,2948.4,4352.4,GOOD,FAIR,4212,8985.6,EXCELLENT,2246.4,4633.2,24,48,83,95,160,BALANCED,9,19,14,97,53
42176,19864,8/1/2024,11580,0,1.72247E+12,1.72248E+12,4980,4680,1920,0,15,13,17,0,8,POSITIVE_SHORT_BUT_RECOVERING,44,17,40,43,POOR,EXCELLENT,EXCELLENT,POOR,FAIR,2431.8,3589.8,EXCELLENT,EXCELLENT,3474,7411.2,EXCELLENT,1852.8,3821.4,36,42,83,95,160,BALANCED,9,18,15,97,49
47272,40980,8/5/2024,25260,0,1.72281E+12,1.72284E+12,6840,13320,5100,780,13,6,18,1,8,POSITIVE_RECOVERING,84,20,53,27,FAIR,EXCELLENT,GOOD,GOOD,FAIR,5304.6,7830.6,GOOD,EXCELLENT,7578,16166.4,EXCELLENT,4041.6,8335.8,90,41,81,93,163,BALANCED,6,21,13,99,46
45994,12150,8/6/2024,25620,0,1.7229E+12,1.72292E+12,3600,17040,4980,360,14,8,16,0,23,POSITIVE_CONTINUOUS,76,19,67,14,FAIR,FAIR,EXCELLENT,FAIR,FAIR,5380.2,7942.2,EXCELLENT,FAIR,7686,16396.8,FAIR,4099.2,8454.6,75,41,81,94,165,BALANCED,9,20,14,99,39
19805,20101,8/7/2024,30180,0,1.72298E+12,1.72301E+12,3840,19740,6600,840,14,10,17,1,17,POSITIVE_LONG_AND_CONTINUOUS,86,22,65,13,EXCELLENT,FAIR,GOOD,GOOD,GOOD,6337.8,9355.8,GOOD,FAIR,9054,19315.2,FAIR,4828.8,9959.4,93,41,81,93,164,BALANCED,9,18,14,99,42
33668,21482,8/8/2024,24060,0,1.72307E+12,1.72309E+12,4800,14580,4680,540,14,10,16,1,21,POSITIVE_DEEP,77,19,61,20,FAIR,FAIR,EXCELLENT,FAIR,FAIR,5052.6,7458.6,EXCELLENT,GOOD,7218,15398.4,EXCELLENT,3849.6,7939.8,80,42,81,93,165,BALANCED,9,16,14,96,36
28767,25593,8/11/2024,41100,0,1.72332E+12,1.72337E+12,5460,27900,7740,1920,15,10,18,3,9,POSITIVE_LONG_AND_RECOVERING,83,19,68,13,EXCELLENT,EXCELLENT,FAIR,GOOD,FAIR,8631,12741,FAIR,FAIR,12330,26304,FAIR,6576,13563,77,41,81,94,165,BALANCED,10,20,15,99,26
21450,3477,8/12/2024,29400,0,1.72342E+12,1.72345E+12,3300,20880,5220,720,15,9,19,1,11,POSITIVE_LONG_AND_RECOVERING,87,18,71,11,EXCELLENT,EXCELLENT,GOOD,GOOD,FAIR,6174,9114,GOOD,FAIR,8820,18816,FAIR,4704,9702,73,44,82,94,166,BALANCED,9,21,15,96,32
34528,15172,8/13/2024,26460,0,1.7235E+12,1.72353E+12,2100,20100,4260,180,14,9,19,0,11,POSITIVE_LONG_AND_CONTINUOUS,82,16,76,8,GOOD,EXCELLENT,EXCELLENT,GOOD,FAIR,5556.6,8202.6,EXCELLENT,FAIR,7938,16934.4,FAIR,4233.6,8731.8,77,42,82,94,166,BALANCED,9,21,14,99,35
50850,15847,8/14/2024,23340,0,1.72359E+12,1.72361E+12,2160,16680,4500,1860,13,9,16,2,9,POSITIVE_RECOVERING,75,19,71,9,FAIR,EXCELLENT,FAIR,FAIR,FAIR,4901.4,7235.4,FAIR,FAIR,7002,14937.6,FAIR,3734.4,7702.2,76,41,82,94,166,BALANCED,9,16,13,97,41
30461,10850,8/15/2024,17400,1020,1.72369E+12,1.72371E+12,4380,13020,0,1680,14,11,20,2,56,NEGATIVE_SHORT_AND_POOR_QUALITY,36,0,75,25,POOR,POOR,FAIR,POOR,POOR,3654,5394,FAIR,FAIR,5220,11136,EXCELLENT,2784,5742,13,45,82,94,166,BALANCED,9,20,14,98,49
55039,23282,8/16/2024,27300,0,1.72376E+12,1.72379E+12,3780,20040,3480,480,14,9,19,1,9,POSITIVE_LONG_AND_RECOVERING,85,13,73,14,EXCELLENT,EXCELLENT,EXCELLENT,GOOD,FAIR,5733,8463,GOOD,FAIR,8190,17472,FAIR,4368,9009,82,43,83,95,166,BALANCED,9,23,14,97,34
41270,19819,8/17/2024,28080,480,1.72385E+12,1.72388E+12,3900,16860,7320,1380,14,12,17,1,8,POSITIVE_LONG_AND_RECOVERING,89,26,60,14,EXCELLENT,EXCELLENT,GOOD,GOOD,EXCELLENT,5896.8,8704.8,FAIR,GOOD,8424,17971.2,FAIR,4492.8,9266.4,82,40,83,95,166,BALANCED,9,21,14,99,29
41538,21189,8/18/2024,36000,0,1.72394E+12,1.72397E+12,3540,25260,7200,720,14,9,18,0,7,POSITIVE_LONG_AND_RECOVERING,89,20,70,10,EXCELLENT,EXCELLENT,EXCELLENT,GOOD,FAIR,7560,11160,EXCELLENT,FAIR,10800,23040,FAIR,5760,11880,74,40,83,95,166,BALANCED,9,19,14,93,24
20801,8413,8/19/2024,27420,1260,1.72402E+12,1.72405E+12,4320,16920,6180,1680,14,10,17,2,9,POSITIVE_LONG_AND_RECOVERING,86,23,62,16,EXCELLENT,EXCELLENT,FAIR,GOOD,EXCELLENT,5758.2,8500.2,FAIR,GOOD,8226,17548.8,GOOD,4387.2,9048.6,61,42,83,96,167,BALANCED,9,23,14,96,34
53409,9259,8/20/2024,32100,0,1.72411E+12,1.72414E+12,3300,21480,7320,3240,14,9,17,4,10,NEGATIVE_LONG_BUT_DISCONTINUOUS,70,23,67,10,EXCELLENT,EXCELLENT,POOR,FAIR,EXCELLENT,6741,9951,POOR,FAIR,9630,20544,FAIR,5136,10593,72,41,83,96,167,BALANCED,8,19,14,99,31
12841,29038,8/21/2024,19260,7620,1.72419E+12,1.72422E+12,1140,16800,1320,8280,14,9,20,5,18,NEGATIVE_POOR_STRUCTURE,46,7,87,6,FAIR,FAIR,POOR,POOR,POOR,4044.6,5970.6,POOR,POOR,5778,12326.4,POOR,3081.6,6355.8,45,46,83,96,167,BALANCED,9,20,14,98,27
38764,5634,8/22/2024,30720,1440,1.72428E+12,1.72431E+12,2160,20640,7920,720,14,9,16,1,7,POSITIVE_LONG_AND_RECOVERING,88,26,67,7,EXCELLENT,EXCELLENT,GOOD,GOOD,EXCELLENT,6451.2,9523.2,GOOD,FAIR,9216,19660.8,FAIR,4915.2,10137.6,61,40,79,92,171,BALANCED,9,20,14,99,39
14745,9442,8/23/2024,25860,0,1.72438E+12,1.7244E+12,3600,20520,1740,1440,14,9,17,1,17,NEGATIVE_LONG_BUT_NOT_ENOUGH_REM,73,7,79,14,EXCELLENT,FAIR,GOOD,FAIR,POOR,5430.6,8016.6,GOOD,FAIR,7758,16550.4,FAIR,4137.6,8533.8,65,46,81,94,171,BALANCED,9,20,14,97,31
34573,41033,8/24/2024,29160,0,1.72445E+12,1.72449E+12,3720,20040,5400,7620,13,9,17,2,14,NEGATIVE_LONG_BUT_DISCONTINUOUS,71,19,69,13,EXCELLENT,GOOD,POOR,FAIR,FAIR,6123.6,9039.6,POOR,FAIR,8748,18662.4,FAIR,4665.6,9622.8,82,42,81,94,171,BALANCED,9,20,13,99,36
10684,16884,8/25/2024,34380,3600,1.72454E+12,1.72458E+12,2520,25560,6300,5400,13,8,17,4,18,NEGATIVE_LONG_BUT_POOR_QUALITY,59,18,74,7,EXCELLENT,FAIR,POOR,POOR,FAIR,7219.8,10657.8,POOR,FAIR,10314,22003.2,FAIR,5500.8,11345.4,82,42,81,94,171,BALANCED,8,22,13,94,24
6263,24126,8/26/2024,25920,0,1.72463E+12,1.72466E+12,3540,15840,6540,480,13,6,18,0,8,POSITIVE_LONG_AND_RECOVERING,86,25,61,14,GOOD,EXCELLENT,EXCELLENT,GOOD,EXCELLENT,5443.2,8035.2,EXCELLENT,GOOD,7776,16588.8,FAIR,4147.2,8553.6,48,40,81,94,172,BALANCED,6,18,13,99,24
8915,36044,8/27/2024,29100,0,1.72471E+12,1.72474E+12,6420,17400,5280,1320,14,10,18,1,7,POSITIVE_HIGHLY_RECOVERING,91,18,60,22,EXCELLENT,EXCELLENT,GOOD,EXCELLENT,FAIR,6111,9021,GOOD,GOOD,8730,18624,EXCELLENT,4656,9603,62,41,81,94,172,BALANCED,9,18,14,99,31
1553,8720,8/29/2024,28800,0,1.72489E+12,1.72492E+12,5700,18720,4380,3060,13,9,17,3,8,POSITIVE_LONG_AND_RECOVERING,87,15,65,20,EXCELLENT,EXCELLENT,FAIR,GOOD,FAIR,6048,8928,FAIR,FAIR,8640,18432,EXCELLENT,4608,9504,87,39,81,94,171,BALANCED,9,20,13,96,31
58966,32543,8/30/2024,30540,0,1.72497E+12,1.725E+12,4740,18960,6840,1620,14,9,17,2,6,POSITIVE_LONG_AND_RECOVERING,88,22,62,16,EXCELLENT,EXCELLENT,FAIR,GOOD,GOOD,6413.4,9467.4,FAIR,GOOD,9162,19545.6,FAIR,4886.4,10078.2,79,40,82,95,170,BALANCED,9,17,14,98,32
14995,36813,8/31/2024,27060,0,1.72506E+12,1.72509E+12,3180,20220,3660,6120,14,12,21,2,17,NEGATIVE_LONG_BUT_DISCONTINUOUS,67,14,75,12,GOOD,FAIR,POOR,FAIR,FAIR,5682.6,8388.6,POOR,FAIR,8118,17318.4,FAIR,4329.6,8929.8,82,41,82,95,170,BALANCED,9,21,14,93,23
10991,32026,9/1/2024,31320,0,1.72515E+12,1.72518E+12,6240,18360,6720,1320,14,9,17,1,13,POSITIVE_OPTIMAL_STRUCTURE,90,21,59,20,EXCELLENT,GOOD,GOOD,EXCELLENT,GOOD,6577.2,9709.2,FAIR,EXCELLENT,9396,20044.8,EXCELLENT,5011.2,10335.6,63,40,83,95,170,BALANCED,9,23,14,100,26
44729,18151,9/2/2024,36900,0,1.72523E+12,1.72526E+12,7620,22080,7200,1020,15,9,20,1,9,POSITIVE_HIGHLY_RECOVERING,93,20,60,21,EXCELLENT,EXCELLENT,GOOD,EXCELLENT,FAIR,7749,11439,GOOD,GOOD,11070,23616,EXCELLENT,5904,12177,67,39,83,95,170,BALANCED,9,17,15,98,33
29708,32773,9/3/2024,21180,0,1.72533E+12,1.72535E+12,4680,13620,2880,1740,15,10,18,2,11,POSITIVE_DEEP,72,14,64,22,FAIR,EXCELLENT,FAIR,FAIR,FAIR,4447.8,6565.8,FAIR,GOOD,6354,13555.2,EXCELLENT,3388.8,6989.4,69,44,83,96,171,BALANCED,9,22,15,90,22
37681,12966,9/4/2024,36180,0,1.7254E+12,1.72544E+12,5700,25080,5400,1980,14,9,17,3,5,POSITIVE_LONG_AND_RECOVERING,81,15,69,16,EXCELLENT,EXCELLENT,FAIR,GOOD,FAIR,7597.8,11215.8,FAIR,FAIR,10854,23155.2,GOOD,5788.8,11939.4,63,38,83,95,171,BALANCED,9,22,14,99,29
4334,7751,9/5/2024,31440,3600,1.72549E+12,1.72552E+12,6000,16860,8580,840,13,7,16,1,10,POSITIVE_HIGHLY_RECOVERING,96,27,54,19,EXCELLENT,EXCELLENT,GOOD,EXCELLENT,EXCELLENT,6602.4,9746.4,GOOD,EXCELLENT,9432,20121.6,EXCELLENT,5030.4,10375.2,71,42,83,96,171,BALANCED,6,20,13,98,20
26175,21381,9/6/2024,29852,0,1.72558E+12,1.72561E+12,4800,19980,5100,1860,14,7,17,3,9,POSITIVE_LONG_AND_RECOVERING,83,17,67,16,EXCELLENT,EXCELLENT,FAIR,GOOD,FAIR,6268.92,9254.12,FAIR,FAIR,8955.6,19105.28,GOOD,4776.32,9851.16,41,39,84,96,171,BALANCED,7,17,14,98,23
28729,2189,9/8/2024,18405,1500,1.72576E+12,1.72578E+12,660,12300,5460,0,13,10,17,0,13,NEGATIVE_SHORT_AND_POOR_STRUCTURE,64,30,67,4,POOR,EXCELLENT,EXCELLENT,FAIR,GOOD,3865.05,5705.55,EXCELLENT,FAIR,5521.5,11779.2,POOR,2944.8,6073.65,51,40,84,97,172,BALANCED,8,18,13,96,25
9273,20890,9/9/2024,21360,2760,1.72585E+12,1.72587E+12,3960,11520,5880,480,13,6,17,1,8,POSITIVE_RECOVERING,77,28,54,19,FAIR,EXCELLENT,EXCELLENT,FAIR,EXCELLENT,4485.6,6621.6,EXCELLENT,EXCELLENT,6408,13670.4,EXCELLENT,3417.6,7048.8,49,39,84,97,172,BALANCED,6,19,13,99,24
5529,30236,9/10/2024,24120,3900,1.72592E+12,1.72594E+12,3360,15600,5160,240,14,10,17,0,10,POSITIVE_RECOVERING,84,21,65,14,FAIR,EXCELLENT,EXCELLENT,GOOD,GOOD,5065.2,7477.2,EXCELLENT,FAIR,7236,15436.8,FAIR,3859.2,7959.6,76,42,84,97,172,BALANCED,9,17,14,98,44
37114,14030,9/11/2024,18780,0,1.72602E+12,1.72604E+12,4980,13800,0,720,11,6,16,0,32,NEGATIVE_SHORT_AND_NONRECOVERING,49,0,73,27,POOR,POOR,EXCELLENT,POOR,POOR,3943.8,5821.8,EXCELLENT,FAIR,5634,12019.2,EXCELLENT,3004.8,6197.4,24,49,85,98,173,BALANCED,6,17,11,99,38
49405,25025,9/12/2024,29799,3720,1.72609E+12,1.72612E+12,4500,18600,6720,240,14,9,17,0,8,POSITIVE_HIGHLY_RECOVERING,94,23,62,15,EXCELLENT,EXCELLENT,EXCELLENT,EXCELLENT,EXCELLENT,6257.79,9237.69,EXCELLENT,GOOD,8939.7,19071.36,FAIR,4767.84,9833.67,94,40,85,98,173,BALANCED,9,17,14,96,29
44710,2360,9/13/2024,15051,5340,1.72619E+12,1.72621E+12,4860,7200,3000,1260,14,10,16,1,10,POSITIVE_SHORT_BUT_RECOVERING,54,20,48,32,POOR,EXCELLENT,GOOD,POOR,FAIR,3160.71,4665.81,GOOD,EXCELLENT,4515.3,9632.64,EXCELLENT,2408.16,4966.83,55,40,85,98,173,BALANCED,9,19,14,97,22
13470,20548,9/14/2024,36180,0,1.72626E+12,1.7263E+12,11220,20040,4920,1680,13,9,18,2,5,POSITIVE_LONG_AND_RECOVERING,86,14,55,31,EXCELLENT,EXCELLENT,FAIR,GOOD,FAIR,7597.8,11215.8,FAIR,EXCELLENT,10854,23155.2,EXCELLENT,5788.8,11939.4,66,37,85,98,173,BALANCED,7,17,13,99,26
48095,22531,9/15/2024,25380,1680,1.72636E+12,1.72639E+12,2880,17040,5460,1800,16,11,23,2,11,POSITIVE_LONG_AND_RECOVERING,84,22,67,11,EXCELLENT,EXCELLENT,FAIR,GOOD,GOOD,5329.8,7867.8,FAIR,FAIR,7614,16243.2,FAIR,4060.8,8375.4,76,41,87,100,172,BALANCED,10,24,16,98,26
59790,6183,9/16/2024,23931,0,1.72644E+12,1.72647E+12,3960,18060,1920,2220,13,7,17,2,15,NEGATIVE_NOT_ENOUGH_REM,70,8,75,17,FAIR,GOOD,FAIR,FAIR,POOR,5025.51,7418.61,FAIR,FAIR,7179.3,15315.84,GOOD,3828.96,7897.23,62,44,87,100,172,BALANCED,7,17,13,98,51
28426,6015,9/17/2024,22560,0,1.72653E+12,1.72656E+12,5040,13740,3780,6540,14,9,18,3,31,NEGATIVE_NOT_RESTORATIVE,57,17,61,22,FAIR,POOR,POOR,POOR,FAIR,4737.6,6993.6,POOR,GOOD,6768,14438.4,EXCELLENT,3609.6,7444.8,57,45,87,100,172,BALANCED,9,19,14,93,37
39416,31965,9/18/2024,23160,0,1.72662E+12,1.72665E+12,5460,13980,3720,1080,12,6,19,1,17,POSITIVE_DEEP,76,16,60,24,FAIR,FAIR,GOOD,FAIR,FAIR,4863.6,7179.6,GOOD,GOOD,6948,14822.4,EXCELLENT,3705.6,7642.8,63,45,85,98,173,BALANCED,6,19,12,98,41
56504,31894,9/19/2024,30300,0,1.7267E+12,1.72673E+12,5100,19980,5220,0,14,9,17,0,11,POSITIVE_OPTIMAL_STRUCTURE,91,17,66,17,EXCELLENT,EXCELLENT,EXCELLENT,EXCELLENT,FAIR,6363,9393,EXCELLENT,FAIR,9090,19392,GOOD,4848,9999,92,42,85,98,173,BALANCED,9,17,14,96,41
19606,10981,9/20/2024,24300,0,1.72679E+12,1.72682E+12,3780,17520,3000,480,14,9,17,0,20,POSITIVE_CONTINUOUS,75,12,72,16,FAIR,FAIR,EXCELLENT,FAIR,FAIR,5103,7533,EXCELLENT,FAIR,7290,15552,FAIR,3888,8019,51,46,86,99,172,BALANCED,9,18,14,97,40
18667,6421,9/21/2024,20700,4920,1.72688E+12,1.72691E+12,8280,10860,1560,2280,14,9,17,3,23,NEGATIVE_NOT_ENOUGH_REM,62,8,52,40,FAIR,FAIR,FAIR,FAIR,POOR,4347,6417,FAIR,EXCELLENT,6210,13248,EXCELLENT,3312,6831,37,46,87,100,172,UNBALANCED,9,20,14,90,33
48891,30150,9/23/2024,29280,0,1.72705E+12,1.72708E+12,2760,20400,6120,300,15,12,18,0,12,POSITIVE_LONG_AND_CONTINUOUS,89,21,70,9,EXCELLENT,EXCELLENT,EXCELLENT,GOOD,GOOD,6148.8,9076.8,EXCELLENT,FAIR,8784,18739.2,FAIR,4684.8,9662.4,81,48,88,100,170,LOW,9,19,15,99,33
35431,25693,9/24/2024,19740,0,1.72716E+12,1.72718E+12,6660,13080,0,480,15,9,19,0,48,NEGATIVE_SHORT_AND_POOR_QUALITY,40,0,66,34,POOR,POOR,EXCELLENT,POOR,POOR,4145.4,6119.4,EXCELLENT,FAIR,5922,12633.6,EXCELLENT,3158.4,6514.2,16,49,88,100,169,LOW,9,20,15,98,47
34502,8570,9/26/2024,22860,0,1.72733E+12,1.72735E+12,5820,17040,0,4380,14,9,18,2,28,NEGATIVE_POOR_STRUCTURE,52,0,75,25,FAIR,POOR,POOR,POOR,POOR,4800.6,7086.6,POOR,FAIR,6858,14630.4,EXCELLENT,3657.6,7543.8,31,50,87,99,168,LOW,9,18,14,99,33
20025,28255,9/27/2024,42900,0,1.72739E+12,1.72743E+12,2700,33840,6360,4980,13,10,16,6,11,NEGATIVE_LONG_BUT_DISCONTINUOUS,56,15,79,6,EXCELLENT,EXCELLENT,POOR,POOR,FAIR,9009,13299,POOR,FAIR,12870,27456,FAIR,6864,14157,89,46,87,99,167,LOW,10,16,13,97,37
19038,27189,9/29/2024,37200,0,1.72756E+12,1.7276E+12,2580,27000,7620,1680,15,10,18,3,14,POSITIVE_LONG_AND_RECOVERING,79,20,73,7,EXCELLENT,GOOD,FAIR,FAIR,FAIR,7812,11532,FAIR,FAIR,11160,23808,FAIR,5952,12276,92,43,86,98,166,LOW,9,20,15,99,23
39693,40852,9/30/2024,30120,0,1.72765E+12,1.72768E+12,540,23400,6180,300,14,9,18,0,8,NEGATIVE_LONG_BUT_LIGHT,68,21,78,2,EXCELLENT,EXCELLENT,EXCELLENT,FAIR,FAIR,6325.2,9337.2,EXCELLENT,FAIR,9036,19276.8,POOR,4819.2,9939.6,60,43,86,98,166,LOW,9,19,14,99,40
28498,23808,10/1/2024,10980,0,1.72776E+12,1.72778E+12,4380,6600,0,600,14,12,17,0,39,NEGATIVE_SHORT_AND_POOR_QUALITY,30,0,60,40,POOR,POOR,EXCELLENT,POOR,POOR,2305.8,3403.8,EXCELLENT,GOOD,3294,7027.2,EXCELLENT,1756.8,3623.4,5,53,83,95,169,LOW,9,19,14,99,46
43962,3085,10/2/2024,35580,3060,1.72782E+12,1.72786E+12,4980,23640,6960,60,15,10,18,0,8,POSITIVE_HIGHLY_RECOVERING,91,20,66,14,EXCELLENT,EXCELLENT,EXCELLENT,EXCELLENT,FAIR,7471.8,11029.8,EXCELLENT,FAIR,10674,22771.2,FAIR,5692.8,11741.4,95,44,82,95,169,UNBALANCED,9,20,15,99,33
15653,41602,10/3/2024,11460,5220,1.72792E+12,1.72794E+12,1680,9780,0,420,12,9,16,0,34,NEGATIVE_SHORT_AND_POOR_QUALITY,33,0,85,15,POOR,POOR,EXCELLENT,POOR,POOR,2406.6,3552.6,EXCELLENT,POOR,3438,7334.4,FAIR,1833.6,3781.8,16,56,79,93,171,UNBALANCED,8,23,12,99,47
16553,3446,10/4/2024,32280,0,1.728E+12,1.72803E+12,6240,22380,3660,300,14,10,20,0,13,POSITIVE_LONG_AND_CONTINUOUS,87,11,69,19,EXCELLENT,EXCELLENT,EXCELLENT,GOOD,FAIR,6778.8,10006.8,EXCELLENT,FAIR,9684,20659.2,EXCELLENT,5164.8,10652.4,74,49,80,93,169,UNBALANCED,9,20,14,99,46
39346,1249,10/6/2024,27164,6660,1.72818E+12,1.72821E+12,6120,15360,5700,360,14,10,18,1,10,POSITIVE_HIGHLY_RECOVERING,91,21,57,23,GOOD,EXCELLENT,EXCELLENT,EXCELLENT,GOOD,5704.44,8420.84,EXCELLENT,EXCELLENT,8149.2,17384.96,EXCELLENT,4346.24,8964.12,84,45,81,94,168,UNBALANCED,9,21,14,99,21
48500,20187,10/7/2024,27240,0,1.72826E+12,1.72829E+12,1800,20760,4680,660,15,12,17,1,9,POSITIVE_LONG_AND_RECOVERING,82,17,76,7,GOOD,EXCELLENT,GOOD,GOOD,FAIR,5720.4,8444.4,GOOD,FAIR,8172,17433.6,FAIR,4358.4,8989.2,47,42,81,94,168,UNBALANCED,9,18,15,99,36
22680,26203,10/8/2024,11100,0,1.72837E+12,1.72838E+12,2220,8880,0,1860,14,12,17,2,38,NEGATIVE_SHORT_AND_POOR_QUALITY,32,0,80,20,POOR,POOR,FAIR,POOR,POOR,2331,3441,FAIR,FAIR,3330,7104,EXCELLENT,1776,3663,8,47,79,92,169,UNBALANCED,10,18,14,99,38
55791,25311,10/9/2024,41760,0,1.72842E+12,1.72847E+12,3780,28140,9840,1020,14,9,18,2,7,POSITIVE_LONG_AND_RECOVERING,87,24,67,9,EXCELLENT,EXCELLENT,FAIR,GOOD,EXCELLENT,8769.6,12945.6,FAIR,FAIR,12528,26726.4,FAIR,6681.6,13780.8,95,42,79,92,169,UNBALANCED,9,18,14,99,34
47679,14666,10/10/2024,13379,5100,1.72853E+12,1.72854E+12,2880,7860,2640,480,14,9,16,1,13,POSITIVE_SHORT_BUT_DEEP,50,20,59,22,POOR,EXCELLENT,EXCELLENT,POOR,FAIR,2809.59,4147.49,EXCELLENT,EXCELLENT,4013.7,8562.56,EXCELLENT,2140.64,4415.07,46,46,78,91,167,BALANCED,9,17,14,99,28
43780,34251,10/11/2024,38700,0,1.7286E+12,1.72864E+12,3960,30480,4260,780,14,9,16,1,6,POSITIVE_LONG_AND_RECOVERING,83,11,79,10,EXCELLENT,EXCELLENT,GOOD,GOOD,FAIR,8127,11997,GOOD,FAIR,11610,24768,FAIR,6192,12771,83,41,79,91,166,BALANCED,9,20,14,99,22
31724,19830,10/12/2024,31800,0,1.72869E+12,1.72872E+12,9900,16020,5880,960,14,9,17,2,7,POSITIVE_LONG_AND_RECOVERING,89,18,50,31,EXCELLENT,EXCELLENT,FAIR,GOOD,FAIR,6678,9858,FAIR,EXCELLENT,9540,20352,EXCELLENT,5088,10494,60,40,77,90,167,BALANCED,9,19,14,99,30
9916,15585,10/14/2024,30000,0,1.72886E+12,1.72889E+12,5700,19740,4560,2760,14,8,18,5,6,NEGATIVE_LONG_BUT_DISCONTINUOUS,64,15,66,19,EXCELLENT,EXCELLENT,POOR,FAIR,FAIR,6300,9300,POOR,FAIR,9000,19200,EXCELLENT,4800,9900,78,40,78,90,165,BALANCED,8,18,14,99,25
51920,40769,10/15/2024,23640,1740,1.72896E+12,1.72898E+12,3420,16560,3660,1560,13,8,19,2,16,POSITIVE_RECOVERING,76,15,70,14,FAIR,FAIR,FAIR,FAIR,FAIR,4964.4,7328.4,FAIR,FAIR,7092,15129.6,FAIR,3782.4,7801.2,62,46,77,89,164,BALANCED,8,19,13,99,33
31120,19170,10/16/2024,33000,0,1.72903E+12,1.72907E+12,3960,24900,4140,1980,15,9,21,2,11,POSITIVE_LONG_AND_RECOVERING,81,13,75,12,EXCELLENT,EXCELLENT,FAIR,GOOD,FAIR,6930,10230,FAIR,FAIR,9900,21120,FAIR,5280,10890,73,44,77,89,164,BALANCED,9,21,15,99,37
47227,1810,10/17/2024,25440,2520,1.72913E+12,1.72916E+12,3900,19560,1980,1620,14,9,18,2,17,NEGATIVE_NOT_ENOUGH_REM,70,8,77,15,FAIR,FAIR,FAIR,FAIR,POOR,5342.4,7886.4,FAIR,FAIR,7632,16281.6,FAIR,4070.4,8395.2,63,46,77,90,162,BALANCED,8,19,14,99,32
34969,11704,10/18/2024,31795,0,1.7292E+12,1.72924E+12,3600,21180,7020,1800,13,8,17,2,7,POSITIVE_LONG_AND_RECOVERING,86,22,67,11,EXCELLENT,EXCELLENT,FAIR,GOOD,GOOD,6676.95,9856.45,FAIR,FAIR,9538.5,20348.8,FAIR,5087.2,10492.35,74,44,78,90,162,BALANCED,9,20,13,99,24
9216,14149,10/19/2024,24000,0,1.7293E+12,1.72933E+12,3780,18540,1680,8100,14,12,17,3,11,NEGATIVE_DISCONTINUOUS,59,7,77,16,FAIR,EXCELLENT,POOR,POOR,POOR,5040,7440,POOR,FAIR,7200,15360,GOOD,3840,7920,62,44,78,91,163,BALANCED,10,17,14,98,32
22285,8779,10/20/2024,19380,0,1.7294E+12,1.72943E+12,4920,14460,0,6780,14,8,20,3,48,NEGATIVE_SHORT_AND_POOR_QUALITY,36,0,75,25,POOR,POOR,POOR,POOR,POOR,4069.8,6007.8,POOR,FAIR,5814,12403.2,EXCELLENT,3100.8,6395.4,18,47,78,90,163,BALANCED,8,21,14,99,46
44998,39630,10/21/2024,33060,540,1.72946E+12,1.7295E+12,2160,25500,5400,240,14,9,20,0,7,POSITIVE_LONG_AND_RECOVERING,86,16,77,7,EXCELLENT,EXCELLENT,EXCELLENT,GOOD,FAIR,6942.6,10248.6,EXCELLENT,FAIR,9918,21158.4,FAIR,5289.6,10909.8,94,43,78,90,163,BALANCED,8,21,14,99,21
42480,14277,10/22/2024,35760,0,1.72955E+12,1.72959E+12,6180,22680,6900,1380,14,9,17,2,5,POSITIVE_LONG_AND_RECOVERING,88,19,63,17,EXCELLENT,EXCELLENT,FAIR,GOOD,FAIR,7509.6,11085.6,FAIR,GOOD,10728,22886.4,GOOD,5721.6,11800.8,54,47,78,90,162,BALANCED,9,20,14,93,21
14675,36556,10/23/2024,28260,0,1.72964E+12,1.72967E+12,4380,17460,6420,1020,14,7,19,1,10,POSITIVE_HIGHLY_RECOVERING,90,23,62,15,EXCELLENT,EXCELLENT,GOOD,EXCELLENT,EXCELLENT,5934.6,8760.6,GOOD,GOOD,8478,18086.4,FAIR,4521.6,9325.8,58,41,78,90,162,BALANCED,6,19,14,96,37
23138,26323,10/26/2024,32040,0,1.7299E+12,1.72993E+12,3720,22020,6300,2280,15,9,20,2,13,POSITIVE_LONG_AND_RECOVERING,83,20,69,12,EXCELLENT,EXCELLENT,FAIR,GOOD,FAIR,6728.4,9932.4,FAIR,FAIR,9612,20505.6,FAIR,5126.4,10573.2,80,45,79,90,159,BALANCED,9,20,15,93,37
35063,28994,10/27/2024,14340,0,1.73E+12,1.73002E+12,2160,12180,0,4020,14,7,19,4,42,NEGATIVE_SHORT_AND_POOR_QUALITY,31,0,85,15,POOR,POOR,POOR,POOR,POOR,3011.4,4445.4,POOR,POOR,4302,9177.6,FAIR,2294.4,4732.2,10,50,76,88,161,BALANCED,7,20,14,96,38
29037,29676,10/28/2024,28200,3420,1.73007E+12,1.7301E+12,5460,15780,6960,360,14,9,22,0,7,POSITIVE_HIGHLY_RECOVERING,96,25,56,19,EXCELLENT,EXCELLENT,EXCELLENT,EXCELLENT,EXCELLENT,5922,8742,EXCELLENT,EXCELLENT,8460,18048,EXCELLENT,4512,9306,83,42,76,88,161,BALANCED,9,22,14,99,22
2661,31833,10/29/2024,39960,3180,1.73015E+12,1.73019E+12,4740,23400,11820,2340,13,7,17,2,13,POSITIVE_LONG_AND_RECOVERING,84,30,59,12,EXCELLENT,EXCELLENT,FAIR,GOOD,GOOD,8391.6,12387.6,FAIR,EXCELLENT,11988,25574.4,FAIR,6393.6,13186.8,68,42,76,88,161,BALANCED,7,20,13,96,27
28652,12487,10/30/2024,32160,2580,1.73024E+12,1.73028E+12,4020,23580,4560,1200,14,9,19,1,16,POSITIVE_LONG_AND_CONTINUOUS,82,14,73,13,EXCELLENT,FAIR,GOOD,GOOD,FAIR,6753.6,9969.6,GOOD,FAIR,9648,20582.4,FAIR,5145.6,10612.8,64,47,76,88,161,BALANCED,9,20,14,99,30
7656,35936,10/31/2024,33600,0,1.73033E+12,1.73036E+12,3420,22380,7800,840,15,9,19,1,11,POSITIVE_LONG_AND_RECOVERING,89,23,67,10,EXCELLENT,EXCELLENT,GOOD,GOOD,EXCELLENT,7056,10416,GOOD,FAIR,10080,21504,FAIR,5376,11088,62,44,76,89,161,BALANCED,9,20,15,100,44
13480,11742,11/1/2024,15960,0,1.73043E+12,1.73045E+12,2700,12120,1140,5520,14,8,19,5,22,NEGATIVE_SHORT_AND_POOR_QUALITY,44,7,76,17,POOR,FAIR,POOR,POOR,POOR,3351.6,4947.6,POOR,FAIR,4788,10214.4,GOOD,2553.6,5266.8,29,48,75,87,160,BALANCED,8,19,14,92,29
55384,9328,11/2/2024,34860,6660,1.7305E+12,1.73053E+12,5040,24420,5400,1800,15,10,18,1,10,POSITIVE_LONG_AND_RECOVERING,86,15,70,14,EXCELLENT,EXCELLENT,GOOD,GOOD,FAIR,7320.6,10806.6,FAIR,FAIR,10458,22310.4,FAIR,5577.6,11503.8,95,46,75,87,159,BALANCED,8,17,15,99,28
9585,41774,11/3/2024,27180,3840,1.7306E+12,1.73062E+12,4080,19200,3900,1380,13,9,16,1,11,POSITIVE_LONG_AND_RECOVERING,83,14,71,15,GOOD,EXCELLENT,GOOD,GOOD,FAIR,5707.8,8425.8,FAIR,FAIR,8154,17395.2,FAIR,4348.8,8969.4,72,44,73,85,159,BALANCED,8,18,13,99,25
44450,30520,11/4/2024,26580,0,1.73068E+12,1.73071E+12,2520,20460,3600,1620,14,9,17,1,12,POSITIVE_LONG_AND_RECOVERING,80,14,77,9,GOOD,EXCELLENT,GOOD,GOOD,FAIR,5581.8,8239.8,FAIR,FAIR,7974,17011.2,FAIR,4252.8,8771.4,64,45,73,86,160,BALANCED,9,17,14,99,27
28557,23149,11/5/2024,29280,0,1.73076E+12,1.73079E+12,3720,18600,6960,1020,14,9,16,1,7,POSITIVE_HIGHLY_RECOVERING,91,24,64,13,EXCELLENT,EXCELLENT,GOOD,EXCELLENT,EXCELLENT,6148.8,9076.8,GOOD,GOOD,8784,18739.2,FAIR,4684.8,9662.4,52,40,73,85,159,BALANCED,9,20,14,99,27
1745,6120,11/7/2024,23460,5100,1.73094E+12,1.73096E+12,6600,15300,1560,2640,12,7,17,3,18,NEGATIVE_NOT_ENOUGH_REM,65,7,65,28,FAIR,FAIR,POOR,FAIR,POOR,4926.6,7272.6,FAIR,FAIR,7038,15014.4,EXCELLENT,3753.6,7741.8,50,48,74,86,157,BALANCED,7,20,12,97,26
14059,10952,11/8/2024,24780,0,1.73102E+12,1.73105E+12,3600,16140,5040,420,13,9,16,0,7,POSITIVE_LONG_AND_RECOVERING,86,20,65,15,GOOD,EXCELLENT,EXCELLENT,GOOD,FAIR,5203.8,7681.8,EXCELLENT,FAIR,7434,15859.2,FAIR,3964.8,8177.4,59,42,73,85,156,BALANCED,9,18,13,99,25
5035,33143,11/9/2024,26460,0,1.7311E+12,1.73113E+12,2040,21960,2460,3840,14,8,19,5,17,NEGATIVE_LONG_BUT_POOR_QUALITY,56,9,83,8,EXCELLENT,FAIR,POOR,POOR,POOR,5556.6,8202.6,POOR,POOR,7938,16934.4,FAIR,4233.6,8731.8,66,47,73,85,156,BALANCED,8,20,14,97,27
35445,2411,11/12/2024,27060,2280,1.73137E+12,1.7314E+12,4020,20340,2700,2040,15,12,18,4,7,NEGATIVE_LONG_BUT_DISCONTINUOUS,69,10,75,15,GOOD,EXCELLENT,POOR,FAIR,POOR,5682.6,8388.6,POOR,FAIR,8118,17318.4,FAIR,4329.6,8929.8,66,45,73,85,155,BALANCED,9,18,15,99,25
50495,10445,11/13/2024,32880,1800,1.73145E+12,1.73149E+12,3300,24900,4680,3120,14,9,18,5,14,NEGATIVE_LONG_BUT_DISCONTINUOUS,61,14,76,10,EXCELLENT,GOOD,POOR,FAIR,FAIR,6904.8,10192.8,POOR,FAIR,9864,21043.2,FAIR,5260.8,10850.4,77,43,73,85,155,BALANCED,8,17,14,99,32
22057,21625,11/14/2024,23520,3780,1.73155E+12,1.73157E+12,4380,16800,2340,1980,13,9,16,3,15,NEGATIVE_NOT_ENOUGH_REM,72,10,71,19,FAIR,GOOD,FAIR,FAIR,POOR,4939.2,7291.2,FAIR,FAIR,7056,15052.8,EXCELLENT,3763.2,7761.6,69,45,73,85,154,BALANCED,9,18,13,97,33
47677,39093,11/15/2024,25380,2700,1.73163E+12,1.73166E+12,4440,20100,840,2580,16,11,23,3,14,NEGATIVE_LONG_BUT_NOT_ENOUGH_REM,63,3,79,17,GOOD,GOOD,POOR,FAIR,POOR,5329.8,7867.8,FAIR,FAIR,7614,16243.2,GOOD,4060.8,8375.4,68,46,73,85,154,BALANCED,9,24,16,97,38
13827,29477,11/16/2024,21960,3900,1.73172E+12,1.73175E+12,3660,17820,480,4560,15,12,19,3,18,NEGATIVE_POOR_STRUCTURE,56,2,81,17,FAIR,FAIR,POOR,POOR,POOR,4611.6,6807.6,POOR,POOR,6588,14054.4,GOOD,3513.6,7246.8,53,50,73,85,153,BALANCED,10,19,15,99,31
44843,17736,11/17/2024,26820,0,1.7318E+12,1.73183E+12,2040,23220,1560,4320,14,10,19,6,10,NEGATIVE_LONG_BUT_POOR_QUALITY,50,6,87,8,GOOD,EXCELLENT,POOR,POOR,POOR,5632.2,8314.2,POOR,POOR,8046,17164.8,FAIR,4291.2,8850.6,69,44,73,85,153,BALANCED,9,21,14,97,32
35706,36515,11/18/2024,22140,0,1.73189E+12,1.73192E+12,3900,16800,1440,3240,14,9,19,4,24,NEGATIVE_POOR_STRUCTURE,56,7,76,18,FAIR,FAIR,POOR,POOR,POOR,4649.4,6863.4,POOR,FAIR,6642,14169.6,GOOD,3542.4,7306.2,38,49,73,84,153,BALANCED,9,19,14,99,32
31190,29685,11/19/2024,26580,0,1.73198E+12,1.732E+12,4800,17940,3840,1080,13,9,16,1,9,POSITIVE_LONG_AND_RECOVERING,83,14,67,18,GOOD,EXCELLENT,GOOD,GOOD,FAIR,5581.8,8239.8,GOOD,FAIR,7974,17011.2,EXCELLENT,4252.8,8771.4,79,45,73,85,153,BALANCED,8,17,13,99,31
15140,35047,11/20/2024,24480,0,1.73206E+12,1.73209E+12,5760,13620,5100,240,14,11,17,0,11,POSITIVE_DEEP,83,21,56,24,FAIR,EXCELLENT,EXCELLENT,GOOD,GOOD,5140.8,7588.8,EXCELLENT,EXCELLENT,7344,15667.2,EXCELLENT,3916.8,8078.4,71,44,73,85,153,BALANCED,9,17,14,99,34
58973,11450,11/21/2024,24720,0,1.73215E+12,1.73218E+12,4380,14160,6180,60,13,9,17,0,10,POSITIVE_RECOVERING,85,25,57,18,FAIR,EXCELLENT,EXCELLENT,GOOD,EXCELLENT,5191.2,7663.2,EXCELLENT,EXCELLENT,7416,15820.8,GOOD,3955.2,8157.6,76,46,74,85,152,BALANCED,9,19,13,99,35
21611,24300,11/22/2024,14280,0,1.73226E+12,1.73227E+12,3840,10440,0,360,17,12,20,0,66,NEGATIVE_SHORT_AND_POOR_QUALITY,31,0,73,27,POOR,POOR,EXCELLENT,POOR,POOR,2998.8,4426.8,EXCELLENT,FAIR,4284,9139.2,EXCELLENT,2284.8,4712.4,7,50,74,85,151,BALANCED,8,20,17,99,67
11771,4240,11/23/2024,18660,4560,1.73233E+12,1.73235E+12,3240,15420,0,540,14,9,19,0,32,NEGATIVE_SHORT_AND_NONRECOVERING,48,0,83,17,POOR,POOR,EXCELLENT,POOR,POOR,3918.6,5784.6,EXCELLENT,POOR,5598,11942.4,GOOD,2985.6,6157.8,19,50,74,85,150,UNBALANCED,9,19,14,94,43
30976,2475,11/25/2024,40680,0,1.73248E+12,1.73252E+12,6900,25800,7980,3360,14,8,18,1,12,POSITIVE_LONG_AND_RECOVERING,85,20,63,17,EXCELLENT,EXCELLENT,FAIR,GOOD,FAIR,8542.8,12610.8,FAIR,GOOD,12204,26035.2,GOOD,6508.8,13424.4,91,43,73,85,149,UNBALANCED,8,18,14,99,26
18455,4737,11/26/2024,32580,0,1.73258E+12,1.73261E+12,5520,20340,6720,720,14,9,19,0,10,POSITIVE_HIGHLY_RECOVERING,93,21,62,17,EXCELLENT,EXCELLENT,EXCELLENT,EXCELLENT,FAIR,6841.8,10099.8,GOOD,GOOD,9774,20851.2,GOOD,5212.8,10751.4,80,43,74,85,149,UNBALANCED,9,20,14,99,28
53890,4117,11/27/2024,26760,0,1.73267E+12,1.7327E+12,6240,16980,3540,360,14,10,17,1,8,POSITIVE_LONG_AND_RECOVERING,85,13,63,23,GOOD,EXCELLENT,EXCELLENT,GOOD,FAIR,5619.6,8295.6,GOOD,GOOD,8028,17126.4,EXCELLENT,4281.6,8830.8,66,44,75,86,149,UNBALANCED,9,20,14,99,37
39264,4920,11/29/2024,18660,0,1.73285E+12,1.73286E+12,4080,13320,1260,300,15,11,18,0,17,NEGATIVE_SHORT_AND_POOR_STRUCTURE,61,7,71,22,POOR,FAIR,EXCELLENT,FAIR,POOR,3918.6,5784.6,EXCELLENT,FAIR,5598,11942.4,EXCELLENT,2985.6,6157.8,48,51,72,84,151,BALANCED,9,18,15,96,46
59421,15997,11/30/2024,31140,0,1.73293E+12,1.73296E+12,2820,27240,1080,4380,15,11,19,5,32,NEGATIVE_LONG_BUT_POOR_QUALITY,46,3,87,9,EXCELLENT,POOR,POOR,POOR,POOR,6539.4,9653.4,POOR,POOR,9342,19929.6,FAIR,4982.4,10276.2,60,51,71,83,152,BALANCED,9,19,15,98,33
44131,14057,12/2/2024,24960,3900,1.7331E+12,1.73312E+12,2820,22140,0,1500,15,8,20,2,39,NEGATIVE_NOT_RESTORATIVE,47,0,89,11,FAIR,POOR,FAIR,POOR,POOR,5241.6,7737.6,FAIR,POOR,7488,15974.4,FAIR,3993.6,8236.8,27,51,71,82,151,BALANCED,8,21,15,98,33
57910,21122,12/5/2024,25740,4380,1.73336E+12,1.73339E+12,6420,17040,2280,120,14,10,17,0,16,NEGATIVE_NOT_ENOUGH_REM,76,9,66,25,FAIR,FAIR,EXCELLENT,FAIR,POOR,5405.4,7979.4,EXCELLENT,FAIR,7722,16473.6,EXCELLENT,4118.4,8494.2,60,50,72,84,152,LOW,10,19,14,99,33
42152,31507,12/6/2024,22140,0,1.73345E+12,1.73347E+12,4380,17760,0,720,14,10,18,0,16,NEGATIVE_NOT_ENOUGH_REM,58,0,80,20,FAIR,GOOD,EXCELLENT,POOR,POOR,4649.4,6863.4,EXCELLENT,POOR,6642,14169.6,EXCELLENT,3542.4,7306.2,59,48,72,84,151,LOW,9,18,14,96,27
48874,31361,12/7/2024,17383,0,1.73354E+12,1.73356E+12,3240,12000,2160,240,14,10,17,0,13,POSITIVE_SHORT_BUT_CONTINUOUS,62,12,69,19,POOR,EXCELLENT,EXCELLENT,FAIR,FAIR,3650.43,5388.73,EXCELLENT,FAIR,5214.9,11125.12,EXCELLENT,2781.28,5736.39,43,47,72,84,150,UNBALANCED,9,17,14,96,39
25839,33216,12/8/2024,14220,0,1.73362E+12,1.73364E+12,2940,11280,0,3360,14,9,19,3,24,NEGATIVE_SHORT_AND_POOR_QUALITY,40,0,79,21,POOR,FAIR,POOR,POOR,POOR,2986.2,4408.2,POOR,FAIR,4266,9100.8,EXCELLENT,2275.2,4692.6,26,53,72,83,150,UNBALANCED,8,19,14,99,33
49524,3153,12/10/2024,40800,0,1.73378E+12,1.73382E+12,4140,26520,10140,180,14,8,17,0,11,POSITIVE_OPTIMAL_STRUCTURE,92,25,65,10,EXCELLENT,EXCELLENT,EXCELLENT,EXCELLENT,EXCELLENT,8568,12648,EXCELLENT,FAIR,12240,26112,FAIR,6528,13464,88,44,71,82,151,BALANCED,8,17,14,99,36
7806,37414,12/11/2024,25740,0,1.73388E+12,1.7339E+12,3120,22080,540,1680,15,9,19,1,19,NEGATIVE_LONG_BUT_NOT_ENOUGH_REM,62,2,86,12,EXCELLENT,FAIR,FAIR,FAIR,POOR,5405.4,7979.4,FAIR,POOR,7722,16473.6,FAIR,4118.4,8494.2,56,49,70,82,151,BALANCED,9,20,15,99,48
3062,28216,12/13/2024,22740,0,1.73406E+12,1.73408E+12,1080,17220,4440,720,12,9,19,1,20,NEGATIVE_LIGHT,68,20,76,5,FAIR,FAIR,GOOD,FAIR,FAIR,4775.4,7049.4,GOOD,FAIR,6822,14553.6,POOR,3638.4,7504.2,50,54,70,82,150,UNBALANCED,8,22,12,96,45
46899,32834,12/15/2024,50340,0,1.73421E+12,1.73426E+12,4800,38940,6600,3960,14,9,21,3,22,NEGATIVE_LONG_BUT_DISCONTINUOUS,69,13,77,10,EXCELLENT,FAIR,POOR,FAIR,FAIR,10571.4,15605.4,POOR,FAIR,15102,32217.6,FAIR,8054.4,16612.2,62,56,70,82,149,LOW,8,22,14,99,30
23908,23923,12/16/2024,21120,0,1.73431E+12,1.73433E+12,2460,17880,780,1080,14,11,21,0,30,NEGATIVE_NOT_ENOUGH_REM,55,4,85,12,FAIR,POOR,EXCELLENT,POOR,POOR,4435.2,6547.2,GOOD,POOR,6336,13516.8,FAIR,3379.2,6969.6,28,57,70,81,149,LOW,9,23,14,99,42
24149,19203,12/17/2024,31903,0,1.73439E+12,1.73442E+12,4140,23520,4260,1320,14,8,23,1,25,POSITIVE_LONG_AND_CONTINUOUS,76,13,74,13,EXCELLENT,FAIR,GOOD,FAIR,FAIR,6699.63,9889.93,FAIR,FAIR,9570.9,20417.92,FAIR,5104.48,10527.99,41,57,71,82,148,LOW,8,23,14,99,43
42529,34864,12/18/2024,29326,0,1.73448E+12,1.73451E+12,2040,24720,2580,2220,14,9,23,1,32,NEGATIVE_LONG_BUT_NOT_RESTORATIVE,64,9,84,7,EXCELLENT,POOR,FAIR,FAIR,POOR,6158.46,9091.06,FAIR,POOR,8797.8,18768.64,FAIR,4692.16,9677.58,33,58,71,82,147,LOW,9,24,14,100,47
18525,38624,12/20/2024,21296,0,1.73466E+12,1.73468E+12,3420,17280,600,600,14,11,23,1,24,NEGATIVE_NOT_ENOUGH_REM,57,3,81,16,FAIR,FAIR,EXCELLENT,POOR,POOR,4472.16,6601.76,GOOD,POOR,6388.8,13629.44,GOOD,3407.36,7027.68,38,58,67,79,150,LOW,9,25,14,99,37
52462,37795,12/21/2024,30120,0,1.73474E+12,1.73477E+12,3300,22620,4200,720,14,11,22,1,19,POSITIVE_LONG_AND_CONTINUOUS,80,14,75,11,EXCELLENT,FAIR,GOOD,GOOD,FAIR,6325.2,9337.2,GOOD,FAIR,9036,19276.8,FAIR,4819.2,9939.6,58,53,67,79,150,UNBALANCED,10,22,14,99,39
43491,25261,12/23/2024,45300,0,1.7349E+12,1.73494E+12,4920,32700,7680,1260,14,9,23,2,15,NEGATIVE_LONG_BUT_RESTLESS,80,17,72,11,EXCELLENT,GOOD,FAIR,GOOD,FAIR,9513,14043,FAIR,FAIR,13590,28992,FAIR,7248,14949,79,47,66,78,147,UNBALANCED,10,24,14,99,33
23740,16296,12/24/2024,18926,1500,1.735E+12,1.73502E+12,1140,14700,3120,720,16,12,20,1,19,POSITIVE_SHORT_BUT_CONTINUOUS,63,16,78,6,POOR,FAIR,GOOD,FAIR,FAIR,3974.46,5867.06,GOOD,FAIR,5677.8,12112.64,FAIR,3028.16,6245.58,47,46,66,78,147,UNBALANCED,10,20,16,99,39
40309,10556,12/25/2024,17638,4500,1.7351E+12,1.73512E+12,5160,10200,2280,120,15,9,21,0,21,POSITIVE_SHORT_BUT_DEEP,61,13,58,29,POOR,FAIR,EXCELLENT,FAIR,FAIR,3703.98,5467.78,EXCELLENT,EXCELLENT,5291.4,11288.32,EXCELLENT,2822.08,5820.54,31,47,65,76,145,BALANCED,7,22,15,94,23
33683,32134,12/26/2024,36960,0,1.73517E+12,1.73521E+12,3180,28380,5400,1800,15,7,20,2,9,POSITIVE_LONG_AND_RECOVERING,81,15,77,9,EXCELLENT,EXCELLENT,FAIR,GOOD,FAIR,7761.6,11457.6,FAIR,FAIR,11088,23654.4,FAIR,5913.6,12196.8,62,46,65,76,145,BALANCED,10,21,15,98,29
58403,38837,12/27/2024,28440,0,1.73526E+12,1.73529E+12,3360,18660,6420,1560,15,12,20,1,15,POSITIVE_LONG_AND_REFRESHING,85,23,66,12,EXCELLENT,GOOD,GOOD,GOOD,EXCELLENT,5972.4,8816.4,FAIR,FAIR,8532,18201.6,FAIR,4550.4,9385.2,74,44,64,76,145,BALANCED,10,21,15,99,27
40522,19636,12/28/2024,28140,0,1.73535E+12,1.73538E+12,2940,20280,4920,2280,14,7,19,4,13,NEGATIVE_LONG_BUT_DISCONTINUOUS,72,17,72,10,EXCELLENT,GOOD,POOR,FAIR,FAIR,5909.4,8723.4,POOR,FAIR,8442,18009.6,FAIR,4502.4,9286.2,59,44,64,75,144,BALANCED,7,21,14,100,41
13590,25987,12/30/2024,30780,0,1.73552E+12,1.73555E+12,3480,19620,7680,1140,14,10,21,1,10,NEGATIVE_LONG_BUT_RESTLESS,88,25,64,11,EXCELLENT,EXCELLENT,GOOD,GOOD,EXCELLENT,6463.8,9541.8,FAIR,GOOD,9234,19699.2,FAIR,4924.8,10157.4,56,43,64,75,142,BALANCED,9,21,14,99,35
44954,37916,1/2/2025,46620,0,1.73576E+12,1.73581E+12,3600,34740,8280,7020,15,9,21,2,9,NEGATIVE_LONG_BUT_DISCONTINUOUS,71,18,75,8,EXCELLENT,EXCELLENT,POOR,FAIR,FAIR,9790.2,14452.2,POOR,FAIR,13986,29836.8,FAIR,7459.2,15384.6,94,44,64,75,140,BALANCED,8,21,15,96,30
50902,6184,1/3/2025,26460,0,1.73586E+12,1.73588E+12,2940,21480,2040,420,14,9,18,0,19,NEGATIVE_LONG_BUT_NOT_ENOUGH_REM,72,8,81,11,GOOD,FAIR,EXCELLENT,FAIR,POOR,5556.6,8202.6,EXCELLENT,POOR,7938,16934.4,FAIR,4233.6,8731.8,52,49,64,75,140,BALANCED,9,17,14,99,45
40771,38337,1/4/2025,26220,3900,1.73596E+12,1.73598E+12,6180,16920,3120,180,13,8,17,0,21,POSITIVE_LONG_AND_DEEP,78,12,65,24,GOOD,FAIR,EXCELLENT,FAIR,FAIR,5506.2,8128.2,EXCELLENT,FAIR,7866,16780.8,EXCELLENT,4195.2,8652.6,88,45,64,75,139,BALANCED,8,17,13,99,29
50057,33259,1/5/2025,31320,0,1.73604E+12,1.73607E+12,5580,21660,4080,360,13,7,18,0,16,POSITIVE_LONG_AND_CONTINUOUS,85,13,69,18,EXCELLENT,FAIR,EXCELLENT,GOOD,FAIR,6577.2,9709.2,EXCELLENT,FAIR,9396,20044.8,GOOD,5011.2,10335.6,63,50,65,75,139,BALANCED,7,19,13,99,40
44617,13121,1/6/2025,32280,0,1.73612E+12,1.73616E+12,6300,22320,3660,1200,14,10,17,2,16,POSITIVE_LONG_AND_DEEP,82,11,69,20,EXCELLENT,FAIR,FAIR,GOOD,FAIR,6778.8,10006.8,FAIR,FAIR,9684,20659.2,EXCELLENT,5164.8,10652.4,72,48,64,75,138,BALANCED,9,17,14,100,30
